{"16b1seas3369":{"fname":"Steve","lname":"Jobs","sisiID":"16b1seas3369","program":"SE","courses":["ICSI202","ICSI203","ICSI301","ICSI432"]},"16b1seas3370":{"fname":"Bill","lname":"Gates","sisiID":"16b1seas3370","program":"SE","courses":[]},"16b1seas3371":{"fname":"Zuckerberg","lname":"Mark","sisiID":"16b1seas3371","program":"SE","courses":[]},"16b1seas3372":{"fname":"\u0410\u043c\u0430\u0440\u0445\u04af\u04af","lname":"\u0413\u0430\u043d-\u042d\u0440\u0434\u044d\u043d\u044d","sisiID":"16b1seas3372","program":"SE","courses":[]},"16b1seas3373":{"fname":"\u042f\u0432\u0443\u0443\u0445\u0443\u043b\u0430\u043d","lname":"\u042d\u0440\u0434\u044d\u043d\u044d","sisiID":"16b1seas3373","program":"SE","courses":[]},"16b1seas3374":{"fname":"\u041d\u0438\u0441\u0434\u044d\u0433 \u043b\u0443\u0443","lname":"\u0410\u0440\u0442\u0430\u043d-\u042d\u0440\u0434\u044d\u043d\u044d","sisiID":"16b1seas3374","program":"SE","courses":[]},"16b1seas3375":{"fname":"\u0410\u0431\u0443\u0443","lname":"\u042f\u0441\u0442\u0430\u0439","sisiID":"16b1seas3375","program":"SE","courses":[]}}